time_s,state,error,steer,speed
7.578204154968262,ST,14.899379661964508,-3.740576670270127,8
7.603042364120483,ST,29.353137185252024,-11.991113230544688,8
7.626157522201538,ST,37.57565673441488,-12.234048140215098,16.941487964946226
7.638318777084351,ST,41.58432046912417,-13.040032523169494,16.73999186920763
8.175303936004639,ST,40.25568047818141,-10.044127186724758,17.488968203318812
8.192342519760132,ST,24.708035661019103,1.1180617820677403,19.720484554483065
8.214951038360596,ST,20.887588654387628,-3.8725973299676015,8
8.238742589950562,ST,25.64411964765357,-8.010463663498616,8
8.262601137161255,ST,23.023245551007175,-4.875220785686217,18.781194803578444
