time_s,state,error,steer,speed
5.716900825500488,R,-13.34915204392632,3.355972912949771,13.993208126115068
5.742480993270874,R,-21.175316483297628,7.847684439503114,12.645694668149066
5.765766143798828,R,-26.144884932880917,8.599985810349656,12.420004256895103
