time_s,state,error,steer,speed
0.019761323928833008,ST,0.0,0.0,30.0
0.03720426559448242,ST,0.0,0.0,30.0
0.05501055717468262,ST,0.0,0.0,30.0
0.0707852840423584,ST,0.0,0.0,30.0
0.08420920372009277,ST,0.0,0.0,30.0
0.09815573692321777,ST,0.0,0.0,30.0
0.11792969703674316,ST,0.0,0.0,30.0
