time_s,state,error,steer,speed
0.0317845344543457,ST,0.0,0.0,30.0
0.06969332695007324,ST,0.0,0.0,30.0
0.09302926063537598,ST,0.0,0.0,30.0
0.11377310752868652,ST,0.0,0.0,30.0
0.1422438621520996,ST,0.0,0.0,30.0
0.16374921798706055,ST,0.0,0.0,30.0
0.18755793571472168,ST,0.0,0.0,30.0
0.20514845848083496,ST,0.0,0.0,30.0
0.22225618362426758,ST,0.0,0.0,30.0
0.23939990997314453,ST,0.0,0.0,30.0
0.26264405250549316,ST,0.0,0.0,30.0
