time_s,state,error,steer,speed
1.0376999378204346,ST,-6.440028359757915,1.834282664864599,19.26628693405416
1.059246301651001,ST,-12.959398041295534,5.1431102904984565,17.94275588380062
1.079256534576416,ST,-19.321312931032644,7.002954526967284,17.198818189213085
1.0993196964263916,ST,-25.836092166249625,8.903948056234414,16.438420777506234
1.1194846630096436,ST,-32.99690248968685,10.964902962047969,15.614038815180812
