time_s,state,error,steer,speed
1.0578358173370361,R,17.181574080845863,-4.425580886886188,8
1.0848803520202637,R,33.97473166552014,-13.379700503396295,8
1.1098787784576416,R,50.016883090774876,-17.61963947429798,8
