time_s,state,error,steer,speed
0.5688436031341553,ST,-7.0662011017847774,1.8669497794954435,19.53326255512614
0.6254053115844727,ST,-15.341074640447237,5.177062211883409,18.705734447029148
